{
  "project_info": {
    "project_number": "124232076338",
    "project_id": "flutix-a536f",
    "storage_bucket": "flutix-a536f.appspot.com"
  },
  "client": [
    {
      "client_info": {
        "mobilesdk_app_id": "1:124232076338:android:8eeae351e3bc06a4e6402b",
        "android_client_info": {
          "package_name": "com.example.flutix_home_menu"
        }
      },
      "oauth_client": [],
      "api_key": [
        {
          "current_key": "AIzaSyCrW_36JNRLmS9uPriA8Q4o-sR9d3siNM0"
        }
      ],
      "services": {
        "appinvite_service": {
          "other_platform_oauth_client": []
        }
      }
    }
  ],
  "configuration_version": "1"
}